epoch,time,train/box_loss,train/cls_loss,train/dfl_loss,metrics/precision(B),metrics/recall(B),metrics/mAP50(B),metrics/mAP50-95(B),val/box_loss,val/cls_loss,val/dfl_loss,lr/pg0,lr/pg1,lr/pg2
1,653.707,0.63583,1.4222,1.11479,0.73629,0.9643,0.89577,0.86587,0.29829,0.49281,0.83048,0.00332964,0.00332964,0.00332964
2,1305.06,0.5239,0.84633,1.04,0.91836,0.875,0.89341,0.87407,0.29318,0.50916,0.83435,0.00659701,0.00659701,0.00659701
3,1955.08,0.57652,0.86999,1.06872,0.56107,0.66043,0.71981,0.62572,0.57369,1.25375,1.06351,0.00979838,0.00979838,0.00979838
4,2601.06,0.57025,0.84032,1.06816,0.78913,0.97211,0.89544,0.83645,0.38549,0.59743,0.85783,0.009703,0.009703,0.009703
5,3246.74,0.49821,0.76415,1.03044,0.78985,0.98514,0.89472,0.86882,0.30891,0.56473,0.9035,0.009604,0.009604,0.009604
